case_id,score
57543,[0.5168538]
57549,[0.51360327]
57551,[0.50274795]
57552,[0.5079168]
57569,[0.51322496]
57630,[0.5108531]
57631,[0.4985271]
57632,[0.5063676]
57633,[0.51131517]
57634,[0.51653385]
